{
  "round": 1,
  "num_images": 2693,
  "metrics_by_model": {
    "YOLO": {
      "model": "YOLO",
      "MAE": 1.2317118644714355,
      "RMSE": 2.3783433370328586,
      "Precision": 0.9164589879725954,
      "Recall": 0.7686295892402064,
      "Latency_mean_s": 0.011070973677920351,
      "Latency_std_s": 0.0006593463932907597,
      "Latency_mean_ms": 11.070973677920351,
      "Latency_std_ms": 0.6593463932907596,
      "Latency_p50_s": 0.010733647737652063,
      "Latency_p90_s": 0.011956993956118822,
      "Latency_p95_s": 0.012258197693154215,
      "Latency_p99_s": 0.01298699492588639,
      "Latency_p50_ms": 10.733647737652063,
      "Latency_p90_ms": 11.956993956118822,
      "Latency_p95_ms": 12.258197693154214,
      "Latency_p99_ms": 12.98699492588639
    },
    "DETR": {
      "model": "DETR",
      "MAE": 1.3390271663665771,
      "RMSE": 2.7086526437963347,
      "Precision": 0.769606413994113,
      "Recall": 0.9595601599417521,
      "Latency_mean_s": 0.049632581703384214,
      "Latency_std_s": 0.002613087844380613,
      "Latency_mean_ms": 49.63258170338421,
      "Latency_std_ms": 2.6130878443806127,
      "Latency_p50_s": 0.050247916486114264,
      "Latency_p90_s": 0.05105973435565829,
      "Latency_p95_s": 0.05132482927292585,
      "Latency_p99_s": 0.052228823797777296,
      "Latency_p50_ms": 50.24791648611426,
      "Latency_p90_ms": 51.05973435565829,
      "Latency_p95_ms": 51.324829272925854,
      "Latency_p99_ms": 52.228823797777295
    },
    "FRCNN": {
      "model": "FRCNN",
      "MAE": 1.0271073579788208,
      "RMSE": 2.240298655218807,
      "Precision": 0.8786541643683693,
      "Recall": 0.8685932388221674,
      "Latency_mean_s": 0.034486891746256784,
      "Latency_std_s": 0.002177469643739357,
      "Latency_mean_ms": 34.48689174625678,
      "Latency_std_ms": 2.177469643739357,
      "Latency_p50_s": 0.03466366371139884,
      "Latency_p90_s": 0.036537112481892106,
      "Latency_p95_s": 0.03845167900435626,
      "Latency_p99_s": 0.0403109585493803,
      "Latency_p50_ms": 34.66366371139884,
      "Latency_p90_ms": 36.53711248189211,
      "Latency_p95_ms": 38.45167900435626,
      "Latency_p99_ms": 40.3109585493803
    },
    "BLIP2": {
      "model": "BLIP2",
      "MAE": 2.3743038177490234,
      "RMSE": 4.265684469737692,
      "Precision": 0.9637826961768684,
      "Recall": 0.43529625590690335,
      "Latency_mean_s": 0.3489242200452642,
      "Latency_std_s": 0.029453765829754584,
      "Latency_mean_ms": 348.9242200452642,
      "Latency_std_ms": 29.453765829754584,
      "Latency_p50_s": 0.34384626150131226,
      "Latency_p90_s": 0.35370495505630967,
      "Latency_p95_s": 0.43006971110589803,
      "Latency_p99_s": 0.4364907503407448,
      "Latency_p50_ms": 343.84626150131226,
      "Latency_p90_ms": 353.70495505630964,
      "Latency_p95_ms": 430.069711105898,
      "Latency_p99_ms": 436.4907503407448
    },
    "GEMMA_E2B": {
      "model": "GEMMA_E2B",
      "MAE": 3.917935371398926,
      "RMSE": 46.421096636019115,
      "Precision": 0.5115839001687459,
      "Recall": 0.9090330788803245,
      "Latency_mean_s": 0.5013213053477442,
      "Latency_std_s": 0.0863541384319276,
      "Latency_mean_ms": 501.3213053477442,
      "Latency_std_ms": 86.3541384319276,
      "Latency_p50_s": 0.4517926867119968,
      "Latency_p90_s": 0.617195600271225,
      "Latency_p95_s": 0.6386957776267081,
      "Latency_p99_s": 0.7837565037701278,
      "Latency_p50_ms": 451.7926867119968,
      "Latency_p90_ms": 617.195600271225,
      "Latency_p95_ms": 638.6957776267081,
      "Latency_p99_ms": 783.7565037701279
    },
    "GEMMA_E4B": {
      "model": "GEMMA_E4B",
      "MAE": 2.6947641372680664,
      "RMSE": 31.754588358785846,
      "Precision": 0.6175123878817903,
      "Recall": 0.8946746637585519,
      "Latency_mean_s": 0.5483668014856565,
      "Latency_std_s": 0.10630389102464666,
      "Latency_mean_ms": 548.3668014856565,
      "Latency_std_ms": 106.30389102464666,
      "Latency_p50_s": 0.49796242360025644,
      "Latency_p90_s": 0.6888674855232239,
      "Latency_p95_s": 0.6962132816668599,
      "Latency_p99_s": 0.8636980160325766,
      "Latency_p50_ms": 497.96242360025644,
      "Latency_p90_ms": 688.8674855232239,
      "Latency_p95_ms": 696.2132816668599,
      "Latency_p99_ms": 863.6980160325766
    }
  }
}